name,hostname,hab_score,score_TELESCOPIO,score_ASTROBIO,score_CLIMATÓLOGO,mission_score,reasons,warnings
Kepler-220 e,Kepler-220,56.81316646342994,87.04394993902898,87.04394993902898,87.04394993902898,87.04394993902899,"['Período observable', 'Estrella tipo solar', 'Tamaño terrestre (1.33 R⊕)']",[]
Kepler-560 b,Kepler-560,59.21323041836944,77.76396912551084,77.76396912551084,77.76396912551084,77.76396912551084,"['Estrella K (aceptable)', 'Temp robusta (298K)', 'Período observable']",[]
Kepler-296 f,Kepler-296,56.72975171387097,77.01892551416128,77.01892551416128,77.01892551416128,77.01892551416128,"['Estrella K (aceptable)', 'Temp robusta (274K)', 'Período observable']",[]
Kepler-445 d,Kepler-445,61.61074757584114,73.48322427275234,73.48322427275234,73.48322427275234,73.48322427275234,"['Tamaño terrestre (1.25 R⊕)', 'Temp robusta (305K)']","['Período muy corto', 'Enana M (posible flares)']"
HD 63433 d,HD 63433,57.80931048420546,72.34279314526164,72.34279314526164,72.34279314526164,72.34279314526164,"['Tamaño terrestre (1.07 R⊕)', 'Estrella tipo solar', 'Cercano (22.4 pc)']","['Temp extrema (1040K)', 'Período muy corto']"
Kepler-296 e,Kepler-296,56.02163259461007,66.80648977838302,66.80648977838302,66.80648977838302,66.80648977838302,"['Estrella K (aceptable)', 'Período observable']",[]
Kepler-220 d,Kepler-220,55.53935080750367,66.6618052422511,66.6618052422511,66.6618052422511,66.6618052422511,"['Tamaño terrestre (0.98 R⊕)', 'Estrella tipo solar', 'Período observable']",['Temp extrema (401K)']
GJ 667 C f,GJ 667 C,54.228644645005,66.2685933935015,66.2685933935015,66.2685933935015,66.2685933935015,"['Tamaño terrestre (1.45 R⊕)', 'Cercano (7.2 pc)', 'Período observable']",['Enana M (posible flares)']
Kepler-249 d,Kepler-249,53.908397233571584,66.17251917007147,66.17251917007147,66.17251917007147,66.17251917007147,"['Estrella K (aceptable)', 'Período observable']",[]
HD 136352 b,HD 136352,51.22290922465882,65.36687276739764,65.36687276739764,65.36687276739764,65.36687276739764,"['Estrella tipo solar', 'Período observable', 'Cercano (14.7 pc)']",['Temp extrema (905K)']
Kepler-437 b,Kepler-437,49.50256318671672,64.85076895601502,64.85076895601502,64.85076895601502,64.85076895601502,"['Estrella tipo solar', 'Período observable', 'Temp robusta (308K)']",['Lejano (304.0 pc)']
HD 3167 d,HD 3167,51.60687915811816,60.48206374743545,60.48206374743545,60.48206374743545,60.48206374743544,"['Cercano (47.3 pc)', 'Estrella tipo solar']","['Período muy corto', 'Temp extrema (860K)']"
Kepler-62 e,Kepler-62,50.73282616987549,60.219847850962644,60.219847850962644,60.219847850962644,60.219847850962644,"['Temp robusta (270K)', 'Estrella tipo solar']",['Lejano (300.9 pc)']
TOI-833 b,TOI-833,50.27776878000376,60.08333063400113,60.08333063400113,60.08333063400113,60.08333063400113,"['Estrella K (aceptable)', 'Tamaño terrestre (1.27 R⊕)', 'Cercano (41.7 pc)']","['Período muy corto', 'Temp extrema (1118K)']"
TOI-270 b,TOI-270,49.304201195737576,59.791260358721274,59.791260358721274,59.791260358721274,59.791260358721274,"['Cercano (22.5 pc)', 'Estrella K (aceptable)', 'Tamaño terrestre (1.28 R⊕)']","['Período muy corto', 'Temp extrema (600K)']"
Kepler-444 f,Kepler-444,49.076439461674674,59.722931838502404,59.722931838502404,59.722931838502404,59.722931838502404,"['Cercano (36.4 pc)', 'Estrella tipo solar']","['Período muy corto', 'Temp extrema (673K)']"
Kepler-444 d,Kepler-444,48.10795801033655,59.43238740310096,59.43238740310096,59.43238740310096,59.43238740310096,"['Cercano (36.4 pc)', 'Estrella tipo solar']","['Período muy corto', 'Temp extrema (783K)']"
GJ 357 b,GJ 357,47.24689640965715,59.17406892289714,59.17406892289714,59.17406892289714,59.17406892289714,"['Cercano (9.4 pc)', 'Estrella K (aceptable)', 'Tamaño terrestre (1.20 R⊕)']","['Período muy corto', 'Temp extrema (518K)']"
Kepler-444 e,Kepler-444,46.59142078203833,58.9774262346115,58.9774262346115,58.9774262346115,58.9774262346115,"['Cercano (36.4 pc)', 'Estrella tipo solar']","['Período muy corto', 'Temp extrema (727K)']"
HD 3167 b,HD 3167,46.13409133525707,58.84022740057712,58.84022740057712,58.84022740057712,58.84022740057711,"['Cercano (47.3 pc)', 'Estrella tipo solar']","['Temp extrema (1774K)', 'Período muy corto']"
Kepler-398 c,Kepler-398,54.77808587489109,56.43342576246732,56.43342576246732,56.43342576246732,56.43342576246732,"['Tamaño terrestre (1.01 R⊕)', 'Estrella K (aceptable)', 'Período observable']",['Temp extrema (536K)']
Kepler-1549 b,Kepler-1549,51.55307823502797,55.465923470508386,55.465923470508386,55.465923470508386,55.465923470508386,"['Estrella tipo solar', 'Temp robusta (286K)']",['Lejano (803.1 pc)']
GJ 667 C c,GJ 667 C,49.26200801192392,54.778602403577175,54.778602403577175,54.778602403577175,54.778602403577175,"['Cercano (7.2 pc)', 'Período observable']",['Enana M (posible flares)']
Kepler-378 c,Kepler-378,48.415941371415,54.524782411424496,54.524782411424496,54.524782411424496,54.524782411424496,"['Estrella tipo solar', 'Período observable']",['Temp extrema (414K)']
Kepler-267 d,Kepler-267,47.75410793045907,54.32623237913772,54.32623237913772,54.32623237913772,54.32623237913773,"['Estrella K (aceptable)', 'Temp robusta (301K)', 'Período observable']",['Lejano (265.0 pc)']
Kepler-1690 b,Kepler-1690,47.41901288242644,54.22570386472793,54.22570386472793,54.22570386472793,54.22570386472793,"['Estrella tipo solar', 'Temp robusta (267K)']",['Lejano (703.8 pc)']
Kepler-169 f,Kepler-169,47.3961471206184,54.218844136185524,54.218844136185524,54.218844136185524,54.21884413618553,"['Estrella tipo solar', 'Período observable']",['Lejano (406.5 pc)']
Kepler-436 b,Kepler-436,46.78410373389739,54.035231120169215,54.035231120169215,54.035231120169215,54.035231120169215,"['Estrella tipo solar', 'Período observable']",['Lejano (588.9 pc)']
Kepler-1020 b,Kepler-1020,46.63062904228802,53.989188712686406,53.989188712686406,53.989188712686406,53.989188712686406,"['Estrella tipo solar', 'Período observable']",['Lejano (415.4 pc)']
Kepler-298 d,Kepler-298,46.57012655508852,53.97103796652655,53.97103796652655,53.97103796652655,53.97103796652655,"['Temp robusta (277K)', 'Estrella K (aceptable)', 'Período observable']",['Lejano (518.2 pc)']
Kepler-152 c,Kepler-152,46.296685506577056,53.889005651973115,53.889005651973115,53.889005651973115,53.889005651973115,"['Estrella tipo solar', 'Período observable']",['Lejano (441.1 pc)']
Kepler-186 d,Kepler-186,46.04947354960575,53.814842064881724,53.814842064881724,53.814842064881724,53.814842064881724,"['Estrella K (aceptable)', 'Tamaño terrestre (1.40 R⊕)', 'Período observable']",['Temp extrema (379K)']
Kepler-1858 b,Kepler-1858,45.472768067266536,53.64183042017996,53.64183042017996,53.64183042017996,53.64183042017996,"['Estrella tipo solar', 'Período observable']",['Lejano (833.1 pc)']
Kepler-315 c,Kepler-315,45.43377997777338,53.63013399333202,53.63013399333202,53.63013399333202,53.63013399333202,"['Temp robusta (291K)', 'Estrella tipo solar']",['Lejano (1160.6 pc)']
Kepler-387 c,Kepler-387,58.03288149410883,52.409864448232646,52.409864448232646,52.409864448232646,52.409864448232646,"['Tamaño terrestre (0.89 R⊕)', 'Estrella tipo solar', 'Período observable']","['Lejano (801.1 pc)', 'Temp extrema (826K)']"
Kepler-392 c,Kepler-392,57.66394580097815,52.299183740293444,52.299183740293444,52.299183740293444,52.299183740293444,"['Tamaño terrestre (1.10 R⊕)', 'Estrella tipo solar', 'Período observable']","['Temp extrema (901K)', 'Lejano (681.4 pc)']"
Kepler-362 b,Kepler-362,57.66367650182147,52.29910295054644,52.29910295054644,52.29910295054644,52.299102950546434,"['Período observable', 'Estrella tipo solar', 'Tamaño terrestre (0.88 R⊕)']","['Lejano (1090.5 pc)', 'Temp extrema (838K)']"
Kepler-431 d,Kepler-431,57.58863061344852,52.276589184034556,52.276589184034556,52.276589184034556,52.276589184034556,"['Estrella tipo solar', 'Período observable', 'Tamaño terrestre (1.11 R⊕)']","['Temp extrema (856K)', 'Lejano (486.5 pc)']"
Kepler-399 b,Kepler-399,56.5037805266585,51.95113415799755,51.95113415799755,51.95113415799755,51.95113415799755,"['Período observable', 'Estrella tipo solar', 'Tamaño terrestre (0.96 R⊕)']","['Temp extrema (773K)', 'Lejano (740.5 pc)']"
Kepler-381 c,Kepler-381,55.27751006626475,51.58325301987942,51.58325301987942,51.58325301987942,51.58325301987943,"['Tamaño terrestre (1.12 R⊕)', 'Estrella tipo solar', 'Período observable']","['Temp extrema (1180K)', 'Lejano (267.3 pc)']"
Kepler-398 b,Kepler-398,55.04940769957442,51.51482230987233,51.51482230987233,51.51482230987233,51.51482230987233,"['Estrella K (aceptable)', 'Tamaño terrestre (0.93 R⊕)']","['Período muy corto', 'Temp extrema (755K)']"
Kepler-124 d,Kepler-124,54.91491320070016,51.47447396021005,51.47447396021005,51.47447396021005,51.47447396021005,"['Estrella tipo solar', 'Período observable', 'Tamaño terrestre (1.11 R⊕)']","['Lejano (420.0 pc)', 'Temp extrema (428K)']"
Kepler-197 e,Kepler-197,53.80180979398734,51.140542938196205,51.140542938196205,51.140542938196205,51.140542938196205,"['Tamaño terrestre (0.91 R⊕)', 'Estrella tipo solar', 'Período observable']","['Lejano (330.6 pc)', 'Temp extrema (691K)']"
Kepler-331 d,Kepler-331,53.33868652418284,51.00160595725485,51.00160595725485,51.00160595725485,51.001605957254846,"['Estrella K (aceptable)', 'Período observable']",['Lejano (580.1 pc)']
Kepler-59 b,Kepler-59,53.19158956654312,50.95747686996293,50.95747686996293,50.95747686996293,50.95747686996293,"['Tamaño terrestre (1.10 R⊕)', 'Estrella tipo solar', 'Período observable']","['Temp extrema (864K)', 'Lejano (1163.2 pc)']"
GJ 367 b,GJ 367,53.06116516750664,50.91834955025199,50.91834955025199,50.91834955025199,50.91834955025198,"['Cercano (9.4 pc)', 'Estrella K (aceptable)']","['Período muy corto', 'Temp extrema (1365K)']"
Kepler-186 b,Kepler-186,52.18170215988556,50.654510647965665,50.654510647965665,50.654510647965665,50.65451064796567,"['Estrella K (aceptable)', 'Tamaño terrestre (1.07 R⊕)']","['Período muy corto', 'Temp extrema (571K)']"
Kepler-352 b,Kepler-352,52.18053965488305,50.65416189646491,50.65416189646491,50.65416189646491,50.654161896464906,"['Tamaño terrestre (0.86 R⊕)', 'Estrella tipo solar', 'Período observable']","['Temp extrema (694K)', 'Lejano (252.7 pc)']"
Kepler-332 d,Kepler-332,51.881639440011135,50.56449183200334,50.56449183200334,50.56449183200334,50.56449183200334,"['Tamaño terrestre (1.18 R⊕)', 'Estrella tipo solar', 'Período observable']","['Lejano (344.2 pc)', 'Temp extrema (427K)']"
Kepler-197 c,Kepler-197,51.86168232423438,50.558504697270315,50.558504697270315,50.558504697270315,50.558504697270315,"['Tamaño terrestre (1.23 R⊕)', 'Estrella tipo solar', 'Período observable']","['Lejano (330.6 pc)', 'Temp extrema (930K)']"
Kepler-134 c,Kepler-134,51.861460592184095,50.558438177655226,50.558438177655226,50.558438177655226,50.558438177655226,"['Período observable', 'Estrella tipo solar', 'Tamaño terrestre (1.26 R⊕)']","['Temp extrema (892K)', 'Lejano (334.8 pc)']"
Kepler-334 c,Kepler-334,51.59543880663326,50.47863164198998,50.47863164198998,50.47863164198998,50.47863164198998,"['Estrella tipo solar', 'Tamaño terrestre (1.43 R⊕)', 'Período observable']","['Lejano (426.6 pc)', 'Temp extrema (822K)']"
Kepler-348 c,Kepler-348,51.54022984864148,50.46206895459244,50.46206895459244,50.46206895459244,50.46206895459244,"['Período observable', 'Estrella tipo solar', 'Tamaño terrestre (1.33 R⊕)']","['Lejano (570.8 pc)', 'Temp extrema (888K)']"
Kepler-375 b,Kepler-375,51.434888485353255,50.430466545605974,50.430466545605974,50.430466545605974,50.430466545605974,"['Tamaño terrestre (1.45 R⊕)', 'Estrella tipo solar', 'Período observable']","['Temp extrema (851K)', 'Lejano (1238.8 pc)']"
Kepler-393 c,Kepler-393,51.41083906912429,50.423251720737284,50.423251720737284,50.423251720737284,50.423251720737284,"['Período observable', 'Estrella tipo solar', 'Tamaño terrestre (1.33 R⊕)']","['Temp extrema (901K)', 'Lejano (881.4 pc)']"
Kepler-208 e,Kepler-208,51.27893568685815,50.38368070605745,50.38368070605745,50.38368070605745,50.38368070605745,"['Tamaño terrestre (1.48 R⊕)', 'Estrella tipo solar', 'Período observable']","['Lejano (775.3 pc)', 'Temp extrema (880K)']"
Kepler-128 b,Kepler-128,50.73879628533979,50.221638885601934,50.221638885601934,50.221638885601934,50.22163888560194,"['Tamaño terrestre (1.42 R⊕)', 'Estrella tipo solar', 'Período observable']","['Temp extrema (968K)', 'Lejano (396.4 pc)']"
Kepler-85 e,Kepler-85,50.146739370566976,50.04402181117009,50.04402181117009,50.04402181117009,50.04402181117009,"['Tamaño terrestre (1.27 R⊕)', 'Estrella tipo solar', 'Período observable']","['Temp extrema (559K)', 'Lejano (765.0 pc)']"
Kepler-383 c,Kepler-383,49.7865438302638,49.93596314907914,49.93596314907914,49.93596314907914,49.935963149079136,"['Estrella tipo solar', 'Período observable', 'Tamaño terrestre (1.24 R⊕)']","['Lejano (470.0 pc)', 'Temp extrema (406K)']"
Kepler-442 b,Kepler-442,49.68127592973036,49.90438277891911,49.90438277891911,49.90438277891911,49.90438277891911,"['Estrella K (aceptable)', 'Tamaño terrestre (1.34 R⊕)']",['Lejano (366.0 pc)']
Kepler-197 d,Kepler-197,49.58811432947104,49.87643429884131,49.87643429884131,49.87643429884131,49.87643429884131,"['Estrella tipo solar', 'Período observable', 'Tamaño terrestre (1.22 R⊕)']","['Temp extrema (810K)', 'Lejano (330.6 pc)']"
Kepler-206 d,Kepler-206,49.27010169979263,49.78103050993779,49.78103050993779,49.78103050993779,49.781030509937786,"['Tamaño terrestre (1.19 R⊕)', 'Estrella tipo solar', 'Período observable']","['Lejano (594.4 pc)', 'Temp extrema (681K)']"
Kepler-282 c,Kepler-282,49.17904017141624,49.75371205142487,49.75371205142487,49.75371205142487,49.75371205142486,"['Tamaño terrestre (1.20 R⊕)', 'Estrella tipo solar', 'Período observable']","['Temp extrema (717K)', 'Lejano (1337.6 pc)']"
Kepler-1693 b,Kepler-1693,48.87946698705755,49.66384009611726,49.66384009611726,49.66384009611726,49.66384009611726,"['Tamaño terrestre (1.29 R⊕)', 'Estrella tipo solar', 'Período observable']","['Temp extrema (807K)', 'Lejano (760.1 pc)']"
Kepler-595 c,Kepler-595,48.823392536941896,49.647017761082566,49.647017761082566,49.647017761082566,49.647017761082566,"['Tamaño terrestre (1.01 R⊕)', 'Estrella tipo solar', 'Período observable']","['Temp extrema (679K)', 'Lejano (643.0 pc)']"
Kepler-310 b,Kepler-310,48.80115552162787,49.64034665648836,49.64034665648836,49.64034665648836,49.64034665648836,"['Tamaño terrestre (1.19 R⊕)', 'Estrella tipo solar', 'Período observable']","['Temp extrema (665K)', 'Lejano (602.3 pc)']"
Kepler-295 b,Kepler-295,48.61256258561697,49.58376877568509,49.58376877568509,49.58376877568509,49.58376877568509,"['Estrella tipo solar', 'Período observable', 'Tamaño terrestre (1.22 R⊕)']","['Lejano (1699.2 pc)', 'Temp extrema (741K)']"
Kepler-174 c,Kepler-174,48.5579495459086,49.56738486377258,49.56738486377258,49.56738486377258,49.56738486377258,"['Tamaño terrestre (1.49 R⊕)', 'Estrella tipo solar', 'Período observable']","['Temp extrema (377K)', 'Lejano (384.8 pc)']"
Kepler-1506 b,Kepler-1506,48.53791983446268,49.5613759503388,49.5613759503388,49.5613759503388,49.5613759503388,"['Período observable', 'Estrella tipo solar', 'Tamaño terrestre (1.32 R⊕)']","['Temp extrema (783K)', 'Lejano (2366.0 pc)']"
TOI-6086 b,TOI-6086,48.44242016899638,49.53272605069891,49.53272605069891,49.53272605069891,49.53272605069892,"['Tamaño terrestre (1.18 R⊕)', 'Cercano (31.5 pc)']","['Período muy corto', 'Enana M (posible flares)', 'Temp extrema (634K)']"
Kepler-373 c,Kepler-373,48.20178393554882,49.46053518066464,49.46053518066464,49.46053518066464,49.46053518066464,"['Estrella tipo solar', 'Período observable', 'Tamaño terrestre (1.24 R⊕)']","['Lejano (1090.5 pc)', 'Temp extrema (729K)']"
Kepler-106 d,Kepler-106,48.20086305963108,49.46025891788932,49.46025891788932,49.46025891788932,49.46025891788932,"['Tamaño terrestre (0.95 R⊕)', 'Estrella tipo solar', 'Período observable']","['Temp extrema (649K)', 'Lejano (444.3 pc)']"
Kepler-189 b,Kepler-189,47.99144764755268,49.39743429426581,49.39743429426581,49.39743429426581,49.397434294265814,"['Tamaño terrestre (1.21 R⊕)', 'Estrella tipo solar', 'Período observable']","['Temp extrema (678K)', 'Lejano (591.5 pc)']"
Kepler-404 b,Kepler-404,47.91451785606777,49.37435535682033,49.37435535682033,49.37435535682033,49.37435535682033,"['Tamaño terrestre (1.27 R⊕)', 'Estrella tipo solar', 'Período observable']","['Lejano (812.5 pc)', 'Temp extrema (730K)']"
Kepler-311 c,Kepler-311,47.54409578905952,49.263228736717856,49.263228736717856,49.263228736717856,49.263228736717856,"['Estrella tipo solar', 'Tamaño terrestre (1.43 R⊕)', 'Período observable']","['Lejano (778.7 pc)', 'Temp extrema (744K)']"
DMPP-1 d,DMPP-1,46.95352592982411,49.086057778947236,49.086057778947236,49.086057778947236,49.086057778947236,['Estrella tipo solar'],"['Período muy corto', 'Temp extrema (1632K)']"
Kepler-123 c,Kepler-123,46.90993135971146,49.07297940791344,49.07297940791344,49.07297940791344,49.07297940791344,"['Tamaño terrestre (1.48 R⊕)', 'Estrella tipo solar', 'Período observable']","['Lejano (1021.7 pc)', 'Temp extrema (706K)']"
Kepler-354 d,Kepler-354,46.76153866234724,49.02846159870417,49.02846159870417,49.02846159870417,49.028461598704176,"['Estrella tipo solar', 'Período observable', 'Tamaño terrestre (1.24 R⊕)']","['Temp extrema (451K)', 'Lejano (554.1 pc)']"
Kepler-131 c,Kepler-131,46.7423175503321,49.02269526509963,49.02269526509963,49.02269526509963,49.02269526509963,"['Estrella tipo solar', 'Período observable', 'Tamaño terrestre (0.84 R⊕)']","['Temp extrema (615K)', 'Lejano (228.7 pc)']"
Kepler-334 d,Kepler-334,45.99441949096676,48.79832584729003,48.79832584729003,48.79832584729003,48.79832584729004,"['Tamaño terrestre (1.41 R⊕)', 'Estrella tipo solar', 'Período observable']","['Lejano (426.6 pc)', 'Temp extrema (656K)']"
Kepler-383 b,Kepler-383,45.17736129601022,48.553208388803064,48.553208388803064,48.553208388803064,48.553208388803064,"['Período observable', 'Estrella tipo solar', 'Tamaño terrestre (1.32 R⊕)']","['Temp extrema (545K)', 'Lejano (470.0 pc)']"
Kepler-282 b,Kepler-282,61.462559013024496,48.438767703907345,48.438767703907345,48.438767703907345,48.43876770390735,"['Tamaño terrestre (1.01 R⊕)', 'Estrella tipo solar']","['Período muy corto', 'Lejano (1337.6 pc)', 'Temp extrema (817K)']"
Kepler-387 b,Kepler-387,59.70985802456842,47.91295740737053,47.91295740737053,47.91295740737053,47.91295740737053,"['Estrella tipo solar', 'Tamaño terrestre (1.03 R⊕)']","['Período muy corto', 'Temp extrema (994K)', 'Lejano (801.1 pc)']"
Kepler-1278 b,Kepler-1278,59.01866854647559,47.705600563942674,47.705600563942674,47.705600563942674,47.705600563942674,"['Tamaño terrestre (1.01 R⊕)', 'Estrella tipo solar']","['Período muy corto', 'Temp extrema (1213K)', 'Lejano (889.4 pc)']"
Kepler-1398 c,Kepler-1398,57.72223575709902,47.316670727129704,47.316670727129704,47.316670727129704,47.31667072712971,"['Estrella tipo solar', 'Tamaño terrestre (1.03 R⊕)']","['Período muy corto', 'Temp extrema (1324K)', 'Lejano (852.2 pc)']"
Kepler-1200 b,Kepler-1200,57.42624617476086,47.22787385242826,47.22787385242826,47.22787385242826,47.22787385242825,"['Estrella tipo solar', 'Tamaño terrestre (1.06 R⊕)']","['Lejano (588.7 pc)', 'Período muy corto', 'Temp extrema (1174K)']"
Kepler-20 e,Kepler-20,57.22074339795,47.166223019385,47.166223019385,47.166223019385,47.166223019385,"['Estrella tipo solar', 'Tamaño terrestre (0.82 R⊕)']","['Período muy corto', 'Temp extrema (1004K)', 'Lejano (282.6 pc)']"
Kepler-1421 b,Kepler-1421,56.823742148940255,47.04712264468208,47.04712264468208,47.04712264468208,47.04712264468208,"['Estrella tipo solar', 'Tamaño terrestre (0.93 R⊕)']","['Temp extrema (1209K)', 'Período muy corto', 'Lejano (783.4 pc)']"
Kepler-376 b,Kepler-376,56.73776497390911,47.02132949217273,47.02132949217273,47.02132949217273,47.02132949217273,"['Tamaño terrestre (1.07 R⊕)', 'Estrella tipo solar']","['Período muy corto', 'Temp extrema (1242K)', 'Lejano (923.1 pc)']"
Kepler-381 b,Kepler-381,56.53675253382901,46.9610257601487,46.9610257601487,46.9610257601487,46.96102576014871,"['Tamaño terrestre (0.99 R⊕)', 'Estrella tipo solar']","['Período muy corto', 'Temp extrema (1576K)', 'Lejano (267.3 pc)']"
Kepler-336 b,Kepler-336,56.28596020131343,46.88578806039403,46.88578806039403,46.88578806039403,46.88578806039403,"['Estrella tipo solar', 'Tamaño terrestre (1.02 R⊕)']","['Período muy corto', 'Lejano (768.9 pc)', 'Temp extrema (1625K)']"
Kepler-250 b,Kepler-250,56.05489013347008,46.81646704004102,46.81646704004102,46.81646704004102,46.816467040041026,"['Tamaño terrestre (1.13 R⊕)', 'Estrella tipo solar']","['Temp extrema (938K)', 'Período muy corto', 'Lejano (760.6 pc)']"
Kepler-953 c,Kepler-953,53.86833192836327,46.160499578508976,46.160499578508976,46.160499578508976,46.16049957850898,"['Tamaño terrestre (1.19 R⊕)', 'Estrella tipo solar']","['Temp extrema (873K)', 'Período muy corto', 'Lejano (258.9 pc)']"
Kepler-320 b,Kepler-320,53.70095611751779,46.11028683525534,46.11028683525534,46.11028683525534,46.11028683525533,"['Tamaño terrestre (1.14 R⊕)', 'Estrella tipo solar']","['Lejano (826.6 pc)', 'Período muy corto', 'Temp extrema (1292K)']"
KOI-351 c,KOI-351,53.19275244309497,45.95782573292849,45.95782573292849,45.95782573292849,45.95782573292849,"['Tamaño terrestre (1.19 R⊕)', 'Estrella tipo solar']","['Lejano (848.3 pc)', 'Período muy corto', 'Temp extrema (987K)']"
Kepler-390 b,Kepler-390,52.67586305403394,45.80275891621018,45.80275891621018,45.80275891621018,45.80275891621019,"['Estrella tipo solar', 'Tamaño terrestre (0.82 R⊕)']","['Período muy corto', 'Temp extrema (786K)', 'Lejano (435.3 pc)']"
Kepler-185 b,Kepler-185,52.47079349213234,45.7412380476397,45.7412380476397,45.7412380476397,45.741238047639705,"['Tamaño terrestre (1.17 R⊕)', 'Estrella tipo solar']","['Temp extrema (1237K)', 'Período muy corto', 'Lejano (466.7 pc)']"
Kepler-339 c,Kepler-339,52.4514629762091,45.73543889286273,45.73543889286273,45.73543889286273,45.73543889286273,"['Estrella tipo solar', 'Tamaño terrestre (1.15 R⊕)']","['Temp extrema (914K)', 'Período muy corto', 'Lejano (616.6 pc)']"
Kepler-363 b,Kepler-363,52.38863975761841,45.71659192728552,45.71659192728552,45.71659192728552,45.71659192728552,"['Tamaño terrestre (1.16 R⊕)', 'Estrella tipo solar']","['Temp extrema (1347K)', 'Período muy corto', 'Lejano (762.6 pc)']"
Kepler-114 b,Kepler-114,52.160103402036704,45.648031020611015,45.648031020611015,45.648031020611015,45.64803102061101,"['Estrella tipo solar', 'Tamaño terrestre (1.26 R⊕)']","['Período muy corto', 'Temp extrema (586K)', 'Lejano (259.5 pc)']"
Kepler-1213 b,Kepler-1213,52.13262036693152,45.639786110079456,45.639786110079456,45.639786110079456,45.639786110079456,"['Tamaño terrestre (1.19 R⊕)', 'Estrella tipo solar']","['Temp extrema (1156K)', 'Período muy corto', 'Lejano (807.8 pc)']"
Kepler-106 b,Kepler-106,51.42410703478565,45.427232110435696,45.427232110435696,45.427232110435696,45.4272321104357,"['Estrella tipo solar', 'Tamaño terrestre (0.82 R⊕)']","['Temp extrema (1021K)', 'Período muy corto', 'Lejano (444.3 pc)']"
Kepler-240 b,Kepler-240,51.31718610834908,45.39515583250472,45.39515583250472,45.39515583250472,45.39515583250472,"['Estrella tipo solar', 'Tamaño terrestre (1.37 R⊕)']","['Temp extrema (864K)', 'Período muy corto', 'Lejano (746.9 pc)']"
Kepler-286 d,Kepler-286,51.12355680586359,45.33706704175908,45.33706704175908,45.33706704175908,45.33706704175908,"['Estrella tipo solar', 'Tamaño terrestre (1.33 R⊕)']","['Período muy corto', 'Temp extrema (919K)', 'Lejano (1226.8 pc)']"
Kepler-224 b,Kepler-224,50.898856454564026,45.26965693636921,45.26965693636921,45.26965693636921,45.26965693636921,"['Tamaño terrestre (1.39 R⊕)', 'Estrella tipo solar']","['Temp extrema (937K)', 'Período muy corto', 'Lejano (782.1 pc)']"
Kepler-190 c,Kepler-190,50.867976396648224,45.26039291899447,45.26039291899447,45.26039291899447,45.26039291899448,"['Tamaño terrestre (1.46 R⊕)', 'Estrella tipo solar']","['Período muy corto', 'Temp extrema (948K)', 'Lejano (433.4 pc)']"
Kepler-380 c,Kepler-380,50.779093880248,45.2337281640744,45.2337281640744,45.2337281640744,45.2337281640744,"['Tamaño terrestre (1.27 R⊕)', 'Estrella tipo solar']","['Período muy corto', 'Lejano (813.7 pc)', 'Temp extrema (1056K)']"
Kepler-181 b,Kepler-181,50.77256443743352,45.231769331230055,45.231769331230055,45.231769331230055,45.231769331230055,"['Tamaño terrestre (1.27 R⊕)', 'Estrella tipo solar']","['Período muy corto', 'Temp extrema (1041K)', 'Lejano (609.3 pc)']"
Kepler-186 f,Kepler-186,50.601517634057714,45.18045529021731,45.18045529021731,45.18045529021731,45.18045529021731,"['Estrella K (aceptable)', 'Tamaño terrestre (1.17 R⊕)']",['Temp extrema (177K)']
Kepler-301 c,Kepler-301,50.576496990913846,45.172949097274156,45.172949097274156,45.172949097274156,45.17294909727415,"['Estrella tipo solar', 'Tamaño terrestre (1.35 R⊕)']","['Lejano (719.2 pc)', 'Período muy corto', 'Temp extrema (989K)']"
Kepler-292 c,Kepler-292,50.5624246456976,45.168727393709275,45.168727393709275,45.168727393709275,45.168727393709275,"['Tamaño terrestre (1.47 R⊕)', 'Estrella tipo solar']","['Período muy corto', 'Lejano (1056.5 pc)', 'Temp extrema (1001K)']"
Kepler-402 d,Kepler-402,50.4927972614979,45.14783917844937,45.14783917844937,45.14783917844937,45.14783917844937,"['Tamaño terrestre (1.38 R⊕)', 'Estrella tipo solar']","['Período muy corto', 'Temp extrema (1006K)', 'Lejano (625.3 pc)']"
Kepler-150 b,Kepler-150,50.39231015904245,45.117693047712734,45.117693047712734,45.117693047712734,45.11769304771273,"['Estrella tipo solar', 'Tamaño terrestre (1.25 R⊕)']","['Temp extrema (1131K)', 'Período muy corto', 'Lejano (891.1 pc)']"
Kepler-1245 b,Kepler-1245,50.30260405978549,45.09078121793564,45.09078121793564,45.09078121793564,45.09078121793564,"['Estrella tipo solar', 'Tamaño terrestre (1.44 R⊕)']","['Período muy corto', 'Temp extrema (1043K)', 'Lejano (805.9 pc)']"
Kepler-1783 b,Kepler-1783,50.25782274719408,45.07734682415823,45.07734682415823,45.07734682415823,45.077346824158234,"['Estrella tipo solar', 'Tamaño terrestre (1.32 R⊕)']","['Lejano (264.1 pc)', 'Período muy corto', 'Temp extrema (1088K)']"
Kepler-361 b,Kepler-361,50.20970199720055,45.06291059916016,45.06291059916016,45.06291059916016,45.06291059916017,"['Tamaño terrestre (1.45 R⊕)', 'Estrella tipo solar']","['Período muy corto', 'Lejano (930.3 pc)', 'Temp extrema (1060K)']"
Kepler-373 b,Kepler-373,50.20076886777892,45.06023066033367,45.06023066033367,45.06023066033367,45.06023066033367,"['Tamaño terrestre (1.36 R⊕)', 'Estrella tipo solar']","['Temp extrema (1054K)', 'Lejano (1090.5 pc)', 'Período muy corto']"
Kepler-1288 b,Kepler-1288,50.15425909459986,45.046277728379955,45.046277728379955,45.046277728379955,45.046277728379955,"['Tamaño terrestre (1.12 R⊕)', 'Estrella tipo solar']","['Temp extrema (2017K)', 'Período muy corto', 'Lejano (814.1 pc)']"
Kepler-286 c,Kepler-286,49.94698859719912,44.98409657915974,44.98409657915974,44.98409657915974,44.98409657915974,"['Estrella tipo solar', 'Tamaño terrestre (1.37 R⊕)']","['Temp extrema (1098K)', 'Período muy corto', 'Lejano (1226.8 pc)']"
Kepler-173 b,Kepler-173,49.84781407189966,44.9543442215699,44.9543442215699,44.9543442215699,44.9543442215699,"['Tamaño terrestre (1.29 R⊕)', 'Estrella tipo solar']","['Temp extrema (1179K)', 'Período muy corto', 'Lejano (833.2 pc)']"
Kepler-1149 b,Kepler-1149,49.80471140611763,44.94141342183529,44.94141342183529,44.94141342183529,44.941413421835286,"['Estrella tipo solar', 'Tamaño terrestre (1.44 R⊕)']","['Período muy corto', 'Temp extrema (1128K)', 'Lejano (1217.7 pc)']"
Kepler-285 b,Kepler-285,49.7433081079616,44.92299243238848,44.92299243238848,44.92299243238848,44.92299243238849,"['Estrella tipo solar', 'Tamaño terrestre (1.34 R⊕)']","['Temp extrema (1131K)', 'Período muy corto', 'Lejano (824.3 pc)']"
Kepler-164 b,Kepler-164,49.71494473644928,44.914483420934786,44.914483420934786,44.914483420934786,44.91448342093478,"['Tamaño terrestre (1.41 R⊕)', 'Estrella tipo solar']","['Temp extrema (1141K)', 'Período muy corto', 'Lejano (890.8 pc)']"
Kepler-208 c,Kepler-208,49.70655990083044,44.91196797024913,44.91196797024913,44.91196797024913,44.91196797024913,"['Tamaño terrestre (1.39 R⊕)', 'Estrella tipo solar']","['Temp extrema (1141K)', 'Período muy corto', 'Lejano (775.3 pc)']"
Kepler-169 c,Kepler-169,49.5990482936325,44.879714488089746,44.879714488089746,44.879714488089746,44.879714488089746,"['Tamaño terrestre (1.21 R⊕)', 'Estrella tipo solar']","['Lejano (406.5 pc)', 'Período muy corto', 'Temp extrema (776K)']"
Kepler-226 d,Kepler-226,49.37640124674909,44.81292037402473,44.81292037402473,44.81292037402473,44.812920374024735,"['Estrella tipo solar', 'Tamaño terrestre (1.22 R⊕)']","['Período muy corto', 'Temp extrema (800K)', 'Lejano (980.1 pc)']"
Kepler-1905 b,Kepler-1905,49.315701587894864,44.79471047636846,44.79471047636846,44.79471047636846,44.79471047636846,"['Tamaño terrestre (1.45 R⊕)', 'Estrella tipo solar']","['Temp extrema (1212K)', 'Período muy corto', 'Lejano (1051.5 pc)']"
Kepler-374 d,Kepler-374,49.1789142982456,44.75367428947368,44.75367428947368,44.75367428947368,44.75367428947368,"['Tamaño terrestre (1.31 R⊕)', 'Estrella tipo solar']","['Temp extrema (1272K)', 'Período muy corto', 'Lejano (1265.6 pc)']"
Kepler-144 b,Kepler-144,49.16763289992327,44.75028986997698,44.75028986997698,44.75028986997698,44.750289869976974,"['Estrella tipo solar', 'Tamaño terrestre (1.33 R⊕)']","['Temp extrema (1253K)', 'Período muy corto', 'Lejano (384.9 pc)']"
Kepler-1471 b,Kepler-1471,49.14645051220906,44.74393515366272,44.74393515366272,44.74393515366272,44.74393515366271,"['Tamaño terrestre (1.41 R⊕)', 'Estrella tipo solar']","['Período muy corto', 'Lejano (978.7 pc)', 'Temp extrema (1238K)']"
Kepler-84 d,Kepler-84,49.038815829740045,44.71164474892201,44.71164474892201,44.71164474892201,44.711644748922005,"['Tamaño terrestre (1.38 R⊕)', 'Estrella tipo solar']","['Temp extrema (1254K)', 'Período muy corto', 'Lejano (1023.9 pc)']"
Kepler-101 c,Kepler-101,48.799557594090544,44.639867278227165,44.639867278227165,44.639867278227165,44.639867278227165,"['Estrella tipo solar', 'Tamaño terrestre (1.25 R⊕)']","['Temp extrema (1413K)', 'Lejano (928.0 pc)', 'Período muy corto']"
Kepler-366 b,Kepler-366,48.6548579997688,44.59645739993064,44.59645739993064,44.59645739993064,44.59645739993064,"['Tamaño terrestre (1.46 R⊕)', 'Estrella tipo solar']","['Período muy corto', 'Lejano (1856.3 pc)', 'Temp extrema (1326K)']"
Kepler-1298 b,Kepler-1298,48.63173850349562,44.58952155104868,44.58952155104868,44.58952155104868,44.58952155104868,"['Tamaño terrestre (1.31 R⊕)', 'Estrella tipo solar']","['Período muy corto', 'Temp extrema (1373K)', 'Lejano (544.2 pc)']"
Kepler-1275 b,Kepler-1275,48.4186388783042,44.525591663491255,44.525591663491255,44.525591663491255,44.52559166349126,"['Tamaño terrestre (1.48 R⊕)', 'Estrella tipo solar']","['Período muy corto', 'Lejano (1154.0 pc)', 'Temp extrema (1368K)']"
Kepler-62 b,Kepler-62,47.874951830310046,44.362485549093016,44.362485549093016,44.362485549093016,44.362485549093016,"['Tamaño terrestre (1.31 R⊕)', 'Estrella tipo solar']","['Período muy corto', 'Temp extrema (750K)', 'Lejano (300.9 pc)']"
Kepler-137 b,Kepler-137,47.53521691081286,44.26056507324386,44.26056507324386,44.26056507324386,44.26056507324386,"['Tamaño terrestre (1.47 R⊕)', 'Estrella tipo solar']","['Lejano (303.0 pc)', 'Período muy corto', 'Temp extrema (742K)']"
Kepler-157 b,Kepler-157,47.43537928876851,44.230613786630556,44.230613786630556,44.230613786630556,44.230613786630556,"['Estrella tipo solar', 'Tamaño terrestre (1.32 R⊕)']","['Período muy corto', 'Lejano (773.7 pc)', 'Temp extrema (1546K)']"
Kepler-141 c,Kepler-141,47.42636281076446,44.227908843229336,44.227908843229336,44.227908843229336,44.227908843229336,"['Tamaño terrestre (1.41 R⊕)', 'Estrella tipo solar']","['Período muy corto', 'Lejano (301.2 pc)', 'Temp extrema (738K)']"
Kepler-191 b,Kepler-191,47.25780635563807,44.17734190669142,44.17734190669142,44.17734190669142,44.17734190669142,"['Estrella tipo solar', 'Tamaño terrestre (1.34 R⊕)']","['Temp extrema (722K)', 'Período muy corto', 'Lejano (594.5 pc)']"
Kepler-312 b,Kepler-312,46.8332498797691,44.04997496393073,44.04997496393073,44.04997496393073,44.04997496393073,"['Tamaño terrestre (1.29 R⊕)', 'Estrella tipo solar']","['Período muy corto', 'Lejano (797.7 pc)', 'Temp extrema (1685K)']"
Kepler-333 c,Kepler-333,52.63669681605224,40.791009044815674,40.791009044815674,40.791009044815674,40.791009044815674,"['Estrella K (aceptable)', 'Tamaño terrestre (1.11 R⊕)', 'Período observable']","['Temp extrema (386K)', 'Lejano (324.4 pc)']"
Kepler-136 c,Kepler-136,51.71464327097185,40.51439298129155,40.51439298129155,40.51439298129155,40.51439298129155,"['Estrella tipo solar', 'Período observable']","['Lejano (420.8 pc)', 'Temp extrema (847K)']"
Kepler-11 b,Kepler-11,51.60796358995609,40.48238907698683,40.48238907698683,40.48238907698683,40.48238907698683,"['Estrella tipo solar', 'Período observable']","['Lejano (646.3 pc)', 'Temp extrema (849K)']"
Kepler-376 c,Kepler-376,51.46822577090589,40.44046773127177,40.44046773127177,40.44046773127177,40.44046773127177,"['Estrella tipo solar', 'Período observable']","['Temp extrema (873K)', 'Lejano (923.1 pc)']"
Kepler-356 c,Kepler-356,51.24348315644853,40.373044946934556,40.373044946934556,40.373044946934556,40.373044946934556,"['Estrella tipo solar', 'Período observable']","['Temp extrema (913K)', 'Lejano (707.6 pc)']"
Kepler-147 b,Kepler-147,50.875972289825086,40.26279168694752,40.26279168694752,40.26279168694752,40.26279168694752,"['Estrella tipo solar', 'Período observable']","['Lejano (1042.0 pc)', 'Temp extrema (953K)']"
Kepler-274 b,Kepler-274,50.83343977481653,40.250031932444955,40.250031932444955,40.250031932444955,40.250031932444955,"['Estrella tipo solar', 'Período observable']","['Lejano (1333.6 pc)', 'Temp extrema (961K)']"
Kepler-1121 b,Kepler-1121,50.734953635798,40.2204860907394,40.2204860907394,40.2204860907394,40.2204860907394,"['Estrella tipo solar', 'Período observable']","['Lejano (482.0 pc)', 'Temp extrema (1008K)']"
Kepler-126 b,Kepler-126,50.54490496746614,40.16347149023984,40.16347149023984,40.16347149023984,40.16347149023984,"['Estrella tipo solar', 'Período observable']","['Lejano (237.4 pc)', 'Temp extrema (1009K)']"
Kepler-390 c,Kepler-390,49.45712562477148,39.837137687431444,39.837137687431444,39.837137687431444,39.837137687431444,"['Estrella tipo solar', 'Período observable']","['Lejano (435.3 pc)', 'Temp extrema (630K)']"
Kepler-100 d,Kepler-100,48.853440281384096,39.65603208441523,39.65603208441523,39.65603208441523,39.65603208441523,"['Estrella tipo solar', 'Período observable']","['Lejano (304.6 pc)', 'Temp extrema (670K)']"
Kepler-200 c,Kepler-200,48.49948742665271,39.549846227995815,39.549846227995815,39.549846227995815,39.549846227995815,"['Estrella tipo solar', 'Período observable']","['Temp extrema (806K)', 'Lejano (665.9 pc)']"
Kepler-180 b,Kepler-180,48.23625358515348,39.470876075546045,39.470876075546045,39.470876075546045,39.470876075546045,"['Estrella tipo solar', 'Período observable']","['Temp extrema (781K)', 'Lejano (695.6 pc)']"
Kepler-379 b,Kepler-379,48.22799406710206,39.46839822013062,39.46839822013062,39.46839822013062,39.46839822013062,"['Estrella tipo solar', 'Período observable']","['Temp extrema (775K)', 'Lejano (731.3 pc)']"
Kepler-59 c,Kepler-59,47.99825078053371,39.399475234160114,39.399475234160114,39.399475234160114,39.399475234160114,"['Estrella tipo solar', 'Período observable']","['Temp extrema (752K)', 'Lejano (1163.2 pc)']"
Kepler-132 d,Kepler-132,47.86500814864755,39.35950244459426,39.35950244459426,39.35950244459426,39.35950244459426,"['Estrella tipo solar', 'Período observable']","['Lejano (349.5 pc)', 'Temp extrema (758K)']"
Kepler-205 b,Kepler-205,47.819486673128765,39.345846001938625,39.345846001938625,39.345846001938625,39.345846001938625,['Estrella K (aceptable)'],"['Temp extrema (757K)', 'Período muy corto']"
Kepler-403 c,Kepler-403,47.7657200228342,39.32971600685026,39.32971600685026,39.32971600685026,39.32971600685026,"['Estrella tipo solar', 'Período observable']","['Temp extrema (604K)', 'Lejano (840.3 pc)']"
Kepler-130 d,Kepler-130,47.76014280442963,39.32804284132889,39.32804284132889,39.32804284132889,39.32804284132889,"['Estrella tipo solar', 'Período observable']","['Lejano (316.7 pc)', 'Temp extrema (451K)']"
Kepler-299 d,Kepler-299,47.53595855090887,39.260787565272665,39.260787565272665,39.260787565272665,39.260787565272665,"['Estrella tipo solar', 'Período observable']","['Lejano (1052.2 pc)', 'Temp extrema (729K)']"
Kepler-149 c,Kepler-149,47.44956010671128,39.23486803201338,39.23486803201338,39.23486803201338,39.23486803201338,"['Estrella tipo solar', 'Período observable']","['Lejano (571.0 pc)', 'Temp extrema (436K)']"
Kepler-365 c,Kepler-365,47.41237121627988,39.22371136488396,39.22371136488396,39.22371136488396,39.22371136488396,"['Estrella tipo solar', 'Período observable']","['Lejano (1039.0 pc)', 'Temp extrema (729K)']"
Kepler-301 d,Kepler-301,47.406825524002926,39.222047657200875,39.222047657200875,39.222047657200875,39.222047657200875,"['Estrella tipo solar', 'Período observable']","['Lejano (719.2 pc)', 'Temp extrema (725K)']"
Kepler-347 c,Kepler-347,47.0499475368304,39.114984261049116,39.114984261049116,39.114984261049116,39.114984261049116,"['Estrella tipo solar', 'Período observable']","['Temp extrema (705K)', 'Lejano (1298.9 pc)']"
Kepler-371 b,Kepler-371,46.96940763493146,39.09082229047944,39.09082229047944,39.09082229047944,39.09082229047944,"['Estrella tipo solar', 'Período observable']","['Lejano (813.2 pc)', 'Temp extrema (554K)']"
Kepler-1243 b,Kepler-1243,46.79162386532181,39.037487159596544,39.037487159596544,39.037487159596544,39.037487159596544,"['Estrella tipo solar', 'Período observable']","['Lejano (758.2 pc)', 'Temp extrema (690K)']"
Kepler-204 c,Kepler-204,46.68653322384444,39.00595996715333,39.00595996715333,39.00595996715333,39.00595996715333,"['Estrella tipo solar', 'Período observable']","['Temp extrema (683K)', 'Lejano (686.7 pc)']"
Kepler-299 e,Kepler-299,46.606421859833176,38.981926557949954,38.981926557949954,38.981926557949954,38.981926557949954,"['Estrella tipo solar', 'Período observable']","['Lejano (1052.2 pc)', 'Temp extrema (534K)']"
Kepler-215 c,Kepler-215,46.5403482541814,38.962104476254424,38.962104476254424,38.962104476254424,38.962104476254424,"['Estrella tipo solar', 'Período observable']","['Temp extrema (675K)', 'Lejano (486.0 pc)']"
Kepler-246 c,Kepler-246,46.24537691370911,38.87361307411273,38.87361307411273,38.87361307411273,38.87361307411273,"['Estrella tipo solar', 'Período observable']","['Lejano (626.1 pc)', 'Temp extrema (667K)']"
K2-13 b,K2-13,46.21178699723924,38.86353609917177,38.86353609917177,38.86353609917177,38.86353609917177,"['Estrella tipo solar', 'Período observable']","['Temp extrema (511K)', 'Lejano (342.4 pc)']"
Kepler-171 d,Kepler-171,45.96601929246655,38.789805787739965,38.789805787739965,38.789805787739965,38.789805787739965,"['Estrella tipo solar', 'Período observable']","['Temp extrema (497K)', 'Lejano (863.9 pc)']"
Kepler-369 c,Kepler-369,45.90901110268864,38.77270333080659,38.77270333080659,38.77270333080659,38.77270333080659,"['Tamaño terrestre (1.41 R⊕)', 'Estrella K (aceptable)', 'Período observable']","['Temp extrema (391K)', 'Lejano (214.0 pc)']"
Kepler-184 c,Kepler-184,45.86011977012599,38.758035931037796,38.758035931037796,38.758035931037796,38.758035931037796,"['Estrella tipo solar', 'Período observable']","['Lejano (610.3 pc)', 'Temp extrema (630K)']"
Kepler-446 d,Kepler-446,45.7382735865508,38.72148207596524,38.72148207596524,38.72148207596524,38.72148207596524,['Tamaño terrestre (1.35 R⊕)'],"['Período muy corto', 'Enana M (posible flares)', 'Temp extrema (436K)']"
Kepler-440 b,Kepler-440,45.30654812228581,38.59196443668574,38.59196443668574,38.59196443668574,38.59196443668574,['Estrella K (aceptable)'],['Lejano (301.0 pc)']
Kepler-191 c,Kepler-191,45.19951785579612,38.55985535673884,38.55985535673884,38.55985535673884,38.55985535673884,"['Estrella tipo solar', 'Período observable']","['Temp extrema (596K)', 'Lejano (594.5 pc)']"
Kepler-388 b,Kepler-388,55.81716470869482,36.74514941260844,36.74514941260844,36.74514941260844,36.74514941260844,"['Estrella K (aceptable)', 'Tamaño terrestre (0.81 R⊕)']","['Temp extrema (830K)', 'Período muy corto', 'Lejano (425.0 pc)']"
Kepler-1130 b,Kepler-1130,55.20210522354098,36.560631567062295,36.560631567062295,36.560631567062295,36.560631567062295,['Estrella tipo solar'],"['Lejano (249.3 pc)', 'Período muy corto', 'Temp extrema (904K)']"
Kepler-303 b,Kepler-303,54.4692165732247,36.34076497196741,36.34076497196741,36.34076497196741,36.34076497196741,"['Estrella K (aceptable)', 'Tamaño terrestre (0.89 R⊕)']","['Período muy corto', 'Lejano (209.7 pc)', 'Temp extrema (802K)']"
Kepler-1581 b,Kepler-1581,54.02529155359514,36.207587466078536,36.207587466078536,36.207587466078536,36.207587466078536,['Estrella tipo solar'],"['Temp extrema (1108K)', 'Período muy corto', 'Lejano (493.2 pc)']"
Kepler-124 b,Kepler-124,53.75643371580896,36.12693011474269,36.12693011474269,36.12693011474269,36.12693011474269,['Estrella tipo solar'],"['Lejano (420.0 pc)', 'Período muy corto', 'Temp extrema (892K)']"
Kepler-395 b,Kepler-395,53.6785319746494,36.10355959239482,36.10355959239482,36.10355959239482,36.10355959239482,"['Estrella K (aceptable)', 'Tamaño terrestre (1.03 R⊕)']","['Período muy corto', 'Lejano (421.4 pc)', 'Temp extrema (576K)']"
Kepler-141 b,Kepler-141,52.55130450965093,35.76539135289528,35.76539135289528,35.76539135289528,35.76539135289528,['Estrella tipo solar'],"['Temp extrema (968K)', 'Período muy corto', 'Lejano (301.2 pc)']"
Kepler-327 b,Kepler-327,52.40238575519619,35.72071572655886,35.72071572655886,35.72071572655886,35.72071572655886,"['Estrella K (aceptable)', 'Tamaño terrestre (1.11 R⊕)']","['Período muy corto', 'Temp extrema (682K)', 'Lejano (242.0 pc)']"
Kepler-431 c,Kepler-431,52.3829803423166,35.71489410269498,35.71489410269498,35.71489410269498,35.71489410269498,['Estrella tipo solar'],"['Temp extrema (951K)', 'Período muy corto', 'Lejano (486.5 pc)']"
Kepler-948 b,Kepler-948,51.6815977189608,35.50447931568824,35.50447931568824,35.50447931568824,35.50447931568824,['Estrella tipo solar'],"['Período muy corto', 'Temp extrema (841K)', 'Lejano (868.0 pc)']"
Kepler-306 b,Kepler-306,51.587663007458616,35.47629890223759,35.47629890223759,35.47629890223759,35.47629890223759,['Estrella tipo solar'],"['Temp extrema (830K)', 'Período muy corto', 'Lejano (775.7 pc)']"
Kepler-46 d,Kepler-46,51.557846978662994,35.4673540935989,35.4673540935989,35.4673540935989,35.4673540935989,['Estrella tipo solar'],"['Período muy corto', 'Lejano (777.1 pc)', 'Temp extrema (845K)']"
Kepler-269 c,Kepler-269,51.406600730986426,35.421980219295925,35.421980219295925,35.421980219295925,35.421980219295925,['Estrella tipo solar'],"['Período muy corto', 'Temp extrema (875K)', 'Lejano (2257.3 pc)']"
Kepler-353 b,Kepler-353,51.22275970277452,35.366827910832356,35.366827910832356,35.366827910832356,35.366827910832356,"['Estrella K (aceptable)', 'Tamaño terrestre (0.89 R⊕)']","['Período muy corto', 'Lejano (384.7 pc)', 'Temp extrema (534K)']"
Kepler-641 b,Kepler-641,51.184769109106384,35.35543073273192,35.35543073273192,35.35543073273192,35.35543073273192,['Estrella tipo solar'],"['Período muy corto', 'Lejano (969.9 pc)', 'Temp extrema (926K)']"
Kepler-181 c,Kepler-181,51.18468747403125,35.355406242209376,35.355406242209376,35.355406242209376,35.355406242209376,['Estrella tipo solar'],"['Temp extrema (937K)', 'Período muy corto', 'Lejano (609.3 pc)']"
Kepler-341 c,Kepler-341,51.03076650409791,35.30922995122937,35.30922995122937,35.30922995122937,35.30922995122937,['Estrella tipo solar'],"['Período muy corto', 'Temp extrema (940K)', 'Lejano (1047.0 pc)']"
Kepler-400 b,Kepler-400,51.013318085667976,35.30399542570039,35.30399542570039,35.30399542570039,35.30399542570039,['Estrella tipo solar'],"['Período muy corto', 'Temp extrema (939K)', 'Lejano (846.0 pc)']"
Kepler-247 b,Kepler-247,50.82451086766267,35.2473532602988,35.2473532602988,35.2473532602988,35.2473532602988,['Estrella tipo solar'],"['Lejano (663.7 pc)', 'Período muy corto', 'Temp extrema (970K)']"
Kepler-255 b,Kepler-255,50.77695465042382,35.233086395127145,35.233086395127145,35.233086395127145,35.233086395127145,['Estrella tipo solar'],"['Lejano (1052.5 pc)', 'Período muy corto', 'Temp extrema (971K)']"
Kepler-60 c,Kepler-60,50.639578795092376,35.19187363852771,35.19187363852771,35.19187363852771,35.19187363852771,['Estrella tipo solar'],"['Período muy corto', 'Temp extrema (1023K)', 'Lejano (1025.1 pc)']"
Kepler-265 b,Kepler-265,50.62632806552736,35.18789841965821,35.18789841965821,35.18789841965821,35.18789841965821,['Estrella tipo solar'],"['Período muy corto', 'Lejano (1280.2 pc)', 'Temp extrema (1022K)']"
Kepler-291 c,Kepler-291,50.559212448573206,35.16776373457196,35.16776373457196,35.16776373457196,35.16776373457196,['Estrella tipo solar'],"['Período muy corto', 'Temp extrema (1035K)', 'Lejano (1786.5 pc)']"
Kepler-414 b,Kepler-414,50.54212763769167,35.1626382913075,35.1626382913075,35.1626382913075,35.1626382913075,['Estrella tipo solar'],"['Lejano (413.5 pc)', 'Período muy corto', 'Temp extrema (1024K)']"
Kepler-1839 b,Kepler-1839,50.510003391661655,35.1530010174985,35.1530010174985,35.1530010174985,35.1530010174985,['Estrella tipo solar'],"['Lejano (1136.6 pc)', 'Período muy corto', 'Temp extrema (1049K)']"
Kepler-319 b,Kepler-319,50.50993737029442,35.152981211088324,35.152981211088324,35.152981211088324,35.152981211088324,['Estrella tipo solar'],"['Período muy corto', 'Lejano (503.4 pc)', 'Temp extrema (1023K)']"
Kepler-394 b,Kepler-394,50.42708617851785,35.12812585355535,35.12812585355535,35.12812585355535,35.12812585355535,['Estrella tipo solar'],"['Período muy corto', 'Temp extrema (1035K)', 'Lejano (1058.7 pc)']"
Kepler-389 b,Kepler-389,50.31191384729449,35.093574154188346,35.093574154188346,35.093574154188346,35.093574154188346,['Estrella tipo solar'],"['Período muy corto', 'Lejano (816.6 pc)', 'Temp extrema (1047K)']"
Kepler-179 b,Kepler-179,50.20954397617743,35.06286319285323,35.06286319285323,35.06286319285323,35.06286319285323,['Estrella tipo solar'],"['Período muy corto', 'Temp extrema (1075K)', 'Lejano (605.7 pc)']"
Kepler-360 b,Kepler-360,49.97451599810806,34.99235479943242,34.99235479943242,34.99235479943242,34.99235479943242,['Estrella tipo solar'],"['Temp extrema (1116K)', 'Período muy corto', 'Lejano (876.0 pc)']"
Kepler-65 d,Kepler-65,49.91162200623279,34.97348660186984,34.97348660186984,34.97348660186984,34.97348660186984,['Estrella tipo solar'],"['Temp extrema (1117K)', 'Período muy corto', 'Lejano (303.7 pc)']"
Kepler-303 c,Kepler-303,49.87433928246828,34.96230178474048,34.96230178474048,34.96230178474048,34.96230178474048,"['Estrella K (aceptable)', 'Tamaño terrestre (1.14 R⊕)']","['Período muy corto', 'Lejano (209.7 pc)', 'Temp extrema (521K)']"
Kepler-402 c,Kepler-402,49.79251971020312,34.93775591306094,34.93775591306094,34.93775591306094,34.93775591306094,['Estrella tipo solar'],"['Período muy corto', 'Lejano (625.3 pc)', 'Temp extrema (1140K)']"
Kepler-338 e,Kepler-338,49.787772737995546,34.93633182139867,34.93633182139867,34.93633182139867,34.93633182139867,['Estrella tipo solar'],"['Período muy corto', 'Temp extrema (1143K)', 'Lejano (552.8 pc)']"
K2-138 b,K2-138,49.66798138109715,34.90039441432914,34.90039441432914,34.90039441432914,34.90039441432914,['Estrella tipo solar'],"['Período muy corto', 'Lejano (202.6 pc)', 'Temp extrema (1157K)']"
Kepler-190 b,Kepler-190,49.63844656904384,34.891533970713155,34.891533970713155,34.891533970713155,34.891533970713155,['Estrella tipo solar'],"['Temp extrema (1166K)', 'Período muy corto', 'Lejano (433.4 pc)']"
Kepler-217 c,Kepler-217,49.53346529049827,34.86003958714948,34.86003958714948,34.86003958714948,34.86003958714948,['Estrella tipo solar'],"['Temp extrema (1208K)', 'Período muy corto', 'Lejano (1104.6 pc)']"
Kepler-288 b,Kepler-288,49.51110677613712,34.85333203284114,34.85333203284114,34.85333203284114,34.85333203284114,['Estrella tipo solar'],"['Período muy corto', 'Temp extrema (1197K)', 'Lejano (1194.2 pc)']"
Kepler-135 b,Kepler-135,49.50739900803068,34.8522197024092,34.8522197024092,34.8522197024092,34.8522197024092,['Estrella tipo solar'],"['Temp extrema (1209K)', 'Período muy corto', 'Lejano (621.9 pc)']"
Kepler-348 b,Kepler-348,49.4461078591116,34.83383235773348,34.83383235773348,34.83383235773348,34.83383235773348,['Estrella tipo solar'],"['Lejano (570.8 pc)', 'Período muy corto', 'Temp extrema (1196K)']"
Kepler-273 b,Kepler-273,49.35864426928559,34.807593280785674,34.807593280785674,34.807593280785674,34.807593280785674,['Estrella tipo solar'],"['Lejano (714.0 pc)', 'Período muy corto', 'Temp extrema (1209K)']"
Kepler-148 b,Kepler-148,49.06162696944885,34.718488090834654,34.718488090834654,34.718488090834654,34.718488090834654,['Estrella tipo solar'],"['Período muy corto', 'Temp extrema (1284K)', 'Lejano (791.2 pc)']"
Kepler-1339 b,Kepler-1339,48.93788157293653,34.68136447188096,34.68136447188096,34.68136447188096,34.68136447188096,['Estrella tipo solar'],"['Período muy corto', 'Temp extrema (1642K)', 'Lejano (371.0 pc)']"
Kepler-356 b,Kepler-356,48.89504659471079,34.66851397841324,34.66851397841324,34.66851397841324,34.66851397841324,['Estrella tipo solar'],"['Temp extrema (1294K)', 'Período muy corto', 'Lejano (707.6 pc)']"
Kepler-140 b,Kepler-140,48.87244820224862,34.66173446067459,34.66173446067459,34.66173446067459,34.66173446067459,['Estrella tipo solar'],"['Lejano (583.9 pc)', 'Período muy corto', 'Temp extrema (1301K)']"
Kepler-33 b,Kepler-33,48.730466530510455,34.61913995915314,34.61913995915314,34.61913995915314,34.61913995915314,['Estrella tipo solar'],"['Temp extrema (1336K)', 'Período muy corto', 'Lejano (1209.2 pc)']"
Kepler-1600 c,Kepler-1600,48.57699944109417,34.57309983232825,34.57309983232825,34.57309983232825,34.57309983232825,['Estrella tipo solar'],"['Temp extrema (786K)', 'Período muy corto', 'Lejano (1030.8 pc)']"
Kepler-118 b,Kepler-118,48.55108540853223,34.56532562255967,34.56532562255967,34.56532562255967,34.56532562255967,['Estrella tipo solar'],"['Lejano (574.2 pc)', 'Período muy corto', 'Temp extrema (784K)']"
Kepler-316 c,Kepler-316,48.52626444955839,34.557879334867515,34.557879334867515,34.557879334867515,34.557879334867515,"['Tamaño terrestre (1.16 R⊕)', 'Estrella K (aceptable)']","['Temp extrema (577K)', 'Período muy corto', 'Lejano (384.9 pc)']"
Kepler-202 b,Kepler-202,48.49871355818794,34.54961406745638,34.54961406745638,34.54961406745638,34.54961406745638,['Estrella tipo solar'],"['Período muy corto', 'Temp extrema (802K)', 'Lejano (285.1 pc)']"
Kepler-228 b,Kepler-228,48.488740723299244,34.546622216989775,34.546622216989775,34.546622216989775,34.546622216989775,['Estrella tipo solar'],"['Período muy corto', 'Lejano (1644.6 pc)', 'Temp extrema (1360K)']"
Kepler-208 b,Kepler-208,48.4257695935117,34.52773087805351,34.52773087805351,34.52773087805351,34.52773087805351,['Estrella tipo solar'],"['Período muy corto', 'Lejano (775.3 pc)', 'Temp extrema (1379K)']"
Kepler-1167 b,Kepler-1167,48.2281739219642,34.46845217658926,34.46845217658926,34.46845217658926,34.46845217658926,['Estrella tipo solar'],"['Período muy corto', 'Temp extrema (1419K)', 'Lejano (820.9 pc)']"
Kepler-188 b,Kepler-188,47.95679346450008,34.387038039350024,34.387038039350024,34.387038039350024,34.387038039350024,['Estrella tipo solar'],"['Temp extrema (1463K)', 'Período muy corto', 'Lejano (968.5 pc)']"
Kepler-337 b,Kepler-337,47.92009975627619,34.37602992688286,34.37602992688286,34.37602992688286,34.37602992688286,['Estrella tipo solar'],"['Período muy corto', 'Temp extrema (1458K)', 'Lejano (678.0 pc)']"
Kepler-354 b,Kepler-354,47.73280139283981,34.31984041785194,34.31984041785194,34.31984041785194,34.31984041785194,['Estrella tipo solar'],"['Período muy corto', 'Temp extrema (741K)', 'Lejano (554.1 pc)']"
Kepler-1735 b,Kepler-1735,47.50301388765588,34.25090416629676,34.25090416629676,34.25090416629676,34.25090416629676,"['Tamaño terrestre (1.19 R⊕)', 'Estrella K (aceptable)']","['Período muy corto', 'Lejano (245.3 pc)', 'Temp extrema (502K)']"
Kepler-55 e,Kepler-55,47.33885951505159,34.201657854515474,34.201657854515474,34.201657854515474,34.201657854515474,['Estrella tipo solar'],"['Temp extrema (728K)', 'Período muy corto', 'Lejano (578.8 pc)']"
Kepler-207 c,Kepler-207,47.32728672912968,34.1981860187389,34.1981860187389,34.1981860187389,34.1981860187389,['Estrella tipo solar'],"['Período muy corto', 'Lejano (875.5 pc)', 'Temp extrema (1556K)']"
Kepler-142 b,Kepler-142,47.31985980093575,34.19595794028073,34.19595794028073,34.19595794028073,34.19595794028073,['Estrella tipo solar'],"['Período muy corto', 'Temp extrema (1597K)', 'Lejano (548.7 pc)']"
Kepler-256 b,Kepler-256,46.63758883330949,33.99127664999285,33.99127664999285,33.99127664999285,33.99127664999285,['Estrella tipo solar'],"['Temp extrema (1681K)', 'Período muy corto', 'Lejano (1026.4 pc)']"
Kepler-225 b,Kepler-225,46.63494059892892,33.99048217967868,33.99048217967868,33.99048217967868,33.99048217967868,"['Estrella K (aceptable)', 'Tamaño terrestre (1.20 R⊕)']","['Temp extrema (579K)', 'Período muy corto', 'Lejano (561.1 pc)']"
Kepler-252 b,Kepler-252,45.59208587935774,33.67762576380732,33.67762576380732,33.67762576380732,33.67762576380732,"['Estrella K (aceptable)', 'Tamaño terrestre (1.23 R⊕)']","['Período muy corto', 'Temp extrema (587K)', 'Lejano (379.4 pc)']"
Kepler-242 c,Kepler-242,45.569587308652295,33.670876192595685,33.670876192595685,33.670876192595685,33.670876192595685,"['Estrella tipo solar', 'Período observable']","['Temp extrema (613K)', 'Lejano (600.2 pc)']"
Kepler-296 c,Kepler-296,45.44337246792453,33.633011740377356,33.633011740377356,33.633011740377356,33.633011740377356,['Estrella K (aceptable)'],"['Período muy corto', 'Temp extrema (606K)']"
Kepler-1074 b,Kepler-1074,45.31624281711797,33.59487284513539,33.59487284513539,33.59487284513539,33.59487284513539,"['Estrella K (aceptable)', 'Tamaño terrestre (1.25 R⊕)']","['Período muy corto', 'Temp extrema (568K)', 'Lejano (250.8 pc)']"
Kepler-353 c,Kepler-353,45.29206954293522,33.58762086288056,33.58762086288056,33.58762086288056,33.58762086288056,"['Estrella K (aceptable)', 'Tamaño terrestre (1.38 R⊕)']","['Período muy corto', 'Temp extrema (472K)', 'Lejano (384.7 pc)']"
SPECULOOS-3 b,SPECULOOS-3,53.56699727446781,31.070099182340343,31.070099182340343,31.070099182340343,31.070099182340343,['Tamaño terrestre (0.98 R⊕)'],"['Período muy corto', 'Temp extrema (553K)', 'Enana M (posible flares)']"
Kepler-49 e,Kepler-49,52.32115357025623,30.696346071076867,30.696346071076867,30.696346071076867,30.696346071076864,"['Estrella K (aceptable)', 'Período observable']","['Lejano (311.2 pc)', 'Temp extrema (371K)']"
Kepler-18 b,Kepler-18,49.8589929177509,29.95769787532527,29.95769787532527,29.95769787532527,29.95769787532527,['Estrella tipo solar'],"['Período muy corto', 'Lejano (433.0 pc)', 'Temp extrema (1165K)']"
Kepler-179 c,Kepler-179,48.75206114401381,29.625618343204142,29.625618343204142,29.625618343204142,29.625618343204142,['Estrella tipo solar'],"['Temp extrema (810K)', 'Período muy corto', 'Lejano (605.7 pc)']"
Kepler-579 b,Kepler-579,47.62345281346782,29.287035844040346,29.287035844040346,29.287035844040346,29.287035844040346,['Estrella tipo solar'],"['Temp extrema (730K)', 'Período muy corto', 'Lejano (530.8 pc)']"
Kepler-430 c,Kepler-430,47.40534725602468,29.221604176807404,29.221604176807404,29.221604176807404,29.221604176807404,['Estrella tipo solar'],"['Temp extrema (458K)', 'Lejano (917.5 pc)']"
KOI-55 c,KOI-55,57.951978122710486,27.385593436813146,27.385593436813146,27.385593436813146,27.38559343681315,['Tamaño terrestre (0.87 R⊕)'],"['Período muy corto', 'Lejano (1231.0 pc)', 'Estrella caliente (vida corta)']"
PSR B1257+12 d,PSR B1257+12,52.95928105351051,25.88778431605315,25.88778431605315,25.88778431605315,25.887784316053153,['Período observable'],['Lejano (600.0 pc)']
Kepler-81 d,Kepler-81,47.78292970865935,24.334878912597805,24.334878912597805,24.334878912597805,24.334878912597805,"['Tamaño terrestre (1.21 R⊕)', 'Período observable']","['Temp extrema (418K)', 'Lejano (348.3 pc)']"
Kepler-441 b,Kepler-441,47.23326274132287,19.16997882239686,19.16997882239686,19.16997882239686,19.16997882239686,['Estrella K (aceptable)'],"['Temp extrema (189K)', 'Lejano (268.0 pc)']"
MOA-2007-BLG-192L b,MOA-2007-BLG-192L,57.17373952410333,17.152121857231,17.152121857231,17.152121857231,17.152121857231,[],['Lejano (1000.0 pc)']
KOI-55 b,KOI-55,55.47630882016939,16.642892646050818,16.642892646050818,16.642892646050818,16.642892646050818,[],"['Período muy corto', 'Lejano (1231.0 pc)', 'Estrella caliente (vida corta)']"
Kepler-372 b,Kepler-372,50.04330114663741,15.012990343991223,15.012990343991223,15.012990343991223,15.012990343991225,['Tamaño terrestre (1.36 R⊕)'],"['Estrella caliente (vida corta)', 'Período muy corto', 'Temp extrema (1081K)']"
Kepler-372 d,Kepler-372,48.72636468729222,9.617909406187664,9.617909406187664,9.617909406187664,9.617909406187664,['Período observable'],"['Estrella caliente (vida corta)', 'Temp extrema (660K)', 'Lejano (1494.0 pc)']"
